date,country,tpw_channels,spend,impressions,clicks,revenue,transactions,new_customer_transactions,A:R,AOV,CPA,CTR,CVR
2021-01-01,DE,PLA,589.0,204746,1166,0.0,0,0,0.0,,0.0,0.5694860949664462,0.0
2021-01-01,DE,Brand,164.0,1335,484,1039.0,18,5,15.784408084696825,57.72222222222222,32.8,36.254681647940075,3.71900826446281
2021-01-01,DE,Non-Brand,39.0,832,70,63.0,1,1,61.904761904761905,63.0,39.0,8.413461538461538,1.4285714285714286
2021-02-01,DE,PLA,200.0,120725,541,0.0,0,0,0.0,,0.0,0.4481259059846759,0.0
2021-02-01,DE,Brand,39.0,713,277,1169.0,20,7,3.3361847733105217,58.45,5.571428571428571,38.849929873772794,7.2202166064981945
2021-02-01,DE,Non-Brand,9.0,101,11,39.0,1,0,23.076923076923077,39.0,0.0,10.891089108910892,9.090909090909092
2021-03-01,DE,PLA,1699.0,876702,3904,0.0,0,0,0.0,,0.0,0.44530524625243245,0.0
2021-03-01,DE,Brand,235.0,2123,657,3102.0,50,19,7.575757575757576,62.04,12.368421052631579,30.94677343382007,7.610350076103501
2021-03-01,DE,Non-Brand,248.0,5416,344,614.0,12,8,40.390879478827365,51.166666666666664,31.0,6.3515509601181686,3.488372093023256
2021-04-01,DE,PLA,1364.0,584652,2924,3199.0,55,48,42.63832447639888,58.163636363636364,28.416666666666668,0.5001265710200256,1.880984952120383
2021-04-01,DE,Brand,261.0,2053,603,2591.0,51,19,10.073330760324199,50.80392156862745,13.736842105263158,29.371651242084756,8.45771144278607
2021-04-01,DE,Non-Brand,407.0,8985,574,681.0,15,12,59.76505139500734,45.4,33.916666666666664,6.388425153032832,2.6132404181184667
2021-05-01,DE,PLA,2411.0,910794,4763,11788.0,207,186,20.45300305395317,56.94685990338164,12.96236559139785,0.5229503048988027,4.346000419903422
2021-05-01,DE,Brand,160.0,1624,564,2737.0,50,22,5.845816587504567,54.74,7.2727272727272725,34.72906403940887,8.865248226950355
2021-05-01,DE,Non-Brand,415.0,6847,524,1058.0,22,13,39.22495274102079,48.09090909090909,31.923076923076923,7.652986709507815,4.198473282442748
2021-06-01,DE,PLA,2021.0,745660,4732,11387.0,205,191,17.748309475717924,55.546341463414635,10.581151832460733,0.6346055843145669,4.332206255283178
2021-06-01,DE,Brand,113.0,1153,449,2314.0,49,19,4.8833189282627485,47.224489795918366,5.947368421052632,38.941890719861235,10.913140311804009
2021-06-01,DE,Non-Brand,409.0,5066,437,1036.0,24,17,39.478764478764475,43.166666666666664,24.058823529411764,8.626135017765495,5.491990846681922
2021-07-01,DE,PLA,1702.0,673003,4082,10411.0,177,155,16.348093362789356,58.81920903954802,10.980645161290322,0.6065351863216063,4.336109750122489
2021-07-01,DE,Brand,117.0,1215,535,2746.0,52,21,4.260742898761835,52.80769230769231,5.571428571428571,44.03292181069959,9.719626168224298
2021-07-01,DE,Non-Brand,305.0,2971,313,898.0,20,11,33.96436525612472,44.9,27.727272727272727,10.535173342308987,6.3897763578274756
2021-08-01,DE,PLA,1842.0,678009,4208,9293.0,174,148,19.821370924351665,53.4080459770115,12.445945945945946,0.6206407289578753,4.134980988593155
2021-08-01,DE,Brand,131.0,1148,491,2427.0,48,20,5.397610218376596,50.5625,6.55,42.77003484320557,9.775967413441954
2021-08-01,DE,Non-Brand,877.0,35348,1042,903.0,23,14,97.12070874861573,39.26086956521739,62.642857142857146,2.9478329749915133,2.2072936660268714
2021-09-01,DE,PLA,1533.0,605217,3298,8376.0,162,128,18.302292263610315,51.7037037037037,11.9765625,0.5449285132440099,4.912067919951486
2021-09-01,DE,Brand,134.0,1211,555,2617.0,53,22,5.120366832250669,49.37735849056604,6.090909090909091,45.8298926507019,9.54954954954955
2021-09-01,DE,Non-Brand,562.0,7951,557,901.0,20,12,62.375138734739174,45.05,46.833333333333336,7.00540812476418,3.5906642728904847
2021-10-01,DE,PLA,1249.0,501630,2786,7175.0,119,102,17.40766550522648,60.294117647058826,12.245098039215685,0.5553894304567111,4.271356783919598
2021-10-01,DE,Brand,198.0,1738,706,2612.0,49,21,7.580398162327719,53.30612244897959,9.428571428571429,40.62140391254315,6.9405099150141645
2021-10-01,DE,Non-Brand,358.0,4305,364,454.0,12,8,78.8546255506608,37.833333333333336,44.75,8.455284552845528,3.296703296703297
2021-11-01,DE,PLA,1799.0,695844,3453,9501.0,149,131,18.934848963267026,63.76510067114094,13.732824427480915,0.4962319140497008,4.315088328989285
2021-11-01,DE,Brand,178.0,1804,873,3540.0,68,27,5.028248587570622,52.05882352941177,6.592592592592593,48.39246119733925,7.789232531500573
2021-11-01,DE,Non-Brand,809.0,9923,719,1432.0,29,19,56.494413407821234,49.37931034482759,42.578947368421055,7.2457926030434345,4.033379694019471
2021-12-01,DE,PLA,1688.0,762779,3568,9419.0,155,137,17.9212230597728,60.76774193548387,12.321167883211679,0.4677632708818675,4.344170403587444
2021-12-01,DE,Brand,116.0,1379,582,2648.0,48,20,4.380664652567976,55.166666666666664,5.8,42.20449601160261,8.24742268041237
2021-12-01,DE,Non-Brand,537.0,8299,605,825.0,22,16,65.0909090909091,37.5,33.5625,7.290034943969152,3.6363636363636362
2022-01-01,DE,PLA,6512.0,1544998,7392,9988.0,320,281,65.19823788546255,31.2125,23.17437722419929,0.4784472212909014,4.329004329004329
2022-01-01,DE,Brand,222.0,2974,1190,4845.0,106,50,4.58204334365325,45.70754716981132,4.44,40.01344989912576,8.907563025210084
2022-01-01,DE,Non-Brand,473.0,7035,517,683.0,17,13,69.25329428989751,40.1764705882353,36.38461538461539,7.348969438521677,3.2882011605415857
2022-02-01,DE,PLA,7495.0,1586327,8244,10348.0,320,268,72.42945496714341,32.3375,27.96641791044776,0.5196910851293586,3.8816108685104314
2022-02-01,DE,Brand,202.0,3249,1106,4234.0,83,42,4.7709022201228155,51.01204819277108,4.809523809523809,34.04124345952601,7.504520795660036
2022-02-01,DE,Non-Brand,451.0,7149,562,893.0,22,16,50.50391937290034,40.59090909090909,28.1875,7.861239334172613,3.9145907473309607
2022-03-01,DE,PLA,6958.0,1253109,7011,9686.0,270,232,71.8356390666942,35.87407407407407,29.99137931034483,0.5594884403511585,3.8510911424903727
2022-03-01,DE,Brand,297.0,3190,1134,5237.0,108,49,5.671185793393164,48.49074074074074,6.061224489795919,35.54858934169279,9.523809523809524
2022-03-01,DE,Non-Brand,1006.0,26045,1243,1339.0,32,26,75.13069454817027,41.84375,38.69230769230769,4.772509118832789,2.574416733708769
2022-04-01,DE,PLA,8441.0,1339118,6503,11206.0,321,280,75.32571836516152,34.90965732087228,30.146428571428572,0.48561814567498907,4.936183300015378
2022-04-01,DE,Brand,287.0,2751,1108,5215.0,109,49,5.503355704697987,47.84403669724771,5.857142857142857,40.276263177026536,9.83754512635379
2022-04-01,DE,Non-Brand,1115.0,32610,1652,1752.0,45,33,63.641552511415526,38.93333333333333,33.78787878787879,5.065930696105489,2.723970944309927
2022-05-01,DE,PLA,11296.0,1652650,9584,15443.0,437,367,73.1464093764165,35.338672768878716,30.779291553133515,0.579917102834841,4.559682804674457
2022-05-01,DE,Brand,221.0,2965,1223,5278.0,109,48,4.1871921182266005,48.42201834862385,4.604166666666667,41.24789207419899,8.912510220768603
2022-05-01,DE,Non-Brand,1209.0,39887,1775,1895.0,52,36,63.79947229551451,36.44230769230769,33.583333333333336,4.45007145185148,2.9295774647887325
2022-06-01,DE,PLA,9664.0,1493826,8674,14045.0,377,314,68.80740477038091,37.254641909814325,30.777070063694268,0.5806566494357442,4.346322342633156
2022-06-01,DE,Brand,256.0,2954,1158,4774.0,93,43,5.362379555927943,51.333333333333336,5.953488372093023,39.20108327691266,8.031088082901555
2022-06-01,DE,Non-Brand,1861.0,53004,2708,2711.0,66,56,68.64625599409811,41.07575757575758,33.232142857142854,5.109048373707645,2.4372230428360413
2022-07-01,DE,PLA,10122.0,1411175,8738,13893.0,385,333,72.8568343770244,36.08571428571429,30.396396396396398,0.6192003117969068,4.406042572671092
2022-07-01,DE,Brand,279.0,2914,1185,5723.0,106,48,4.875065525074262,53.990566037735846,5.8125,40.66575154426905,8.945147679324894
2022-07-01,DE,Non-Brand,985.0,33943,1768,1577.0,42,35,62.46036778693722,37.54761904761905,28.142857142857142,5.208732286480275,2.3755656108597285
2022-08-01,DE,PLA,10458.0,1978412,11713,16428.0,453,389,63.65960555149744,36.264900662251655,26.884318766066837,0.5920404849950365,3.867497652181337
2022-08-01,DE,Brand,346.0,3144,1421,5919.0,122,55,5.84558202399054,48.51639344262295,6.290909090909091,45.19720101781171,8.585503166783955
2022-08-01,DE,Non-Brand,1176.0,38939,2121,2024.0,50,42,58.10276679841897,40.48,28.0,5.446981175685046,2.3573785950023574
2022-09-01,DE,PLA,4105.0,831162,5896,6177.0,175,142,66.45620851546057,35.29714285714286,28.908450704225352,0.7093683301209632,2.9681139755766623
2022-09-01,DE,Brand,131.0,1136,464,2447.0,52,25,5.353494074376788,47.05769230769231,5.24,40.845070422535215,11.206896551724139
2022-09-01,DE,Non-Brand,433.0,15339,755,645.0,18,16,67.13178294573643,35.833333333333336,27.0625,4.922094008735902,2.384105960264901
2021-01-01,FR,PLA,422.0,142886,567,0.0,0,0,0.0,,0.0,0.3968198423918368,0.0
2021-01-01,FR,Brand,121.0,1315,538,1070.0,21,5,11.30841121495327,50.95238095238095,24.2,40.91254752851711,3.903345724907063
2021-01-01,FR,Non-Brand,89.0,3384,257,116.0,3,1,76.72413793103449,38.666666666666664,89.0,7.594562647754137,1.1673151750972763
2021-02-01,FR,PLA,426.0,158201,620,268.0,6,5,158.95522388059703,44.666666666666664,85.2,0.3919064986946985,0.967741935483871
2021-02-01,FR,Brand,47.0,673,273,1921.0,30,8,2.4466423737636647,64.03333333333333,5.875,40.56463595839524,10.989010989010989
2021-02-01,FR,Non-Brand,9.0,524,49,68.0,1,0,13.23529411764706,68.0,0.0,9.351145038167939,2.0408163265306123
2021-03-01,FR,PLA,2789.0,1107828,4231,842.0,24,17,331.2351543942993,35.083333333333336,164.05882352941177,0.3819184927624144,0.5672417868116284
2021-03-01,FR,Brand,229.0,2293,862,3548.0,66,23,6.454340473506201,53.75757575757576,9.956521739130435,37.59267335368513,7.65661252900232
2021-03-01,FR,Non-Brand,314.0,22070,2153,712.0,13,7,44.10112359550562,54.76923076923077,44.857142857142854,9.755323969188945,0.603808639108221
2021-04-01,FR,PLA,3735.0,1124011,4925,1022.0,28,23,365.45988258317027,36.5,162.3913043478261,0.43816297171468965,0.5685279187817259
2021-04-01,FR,Brand,278.0,2278,902,4168.0,82,32,6.6698656429942424,50.829268292682926,8.6875,39.596136962247584,9.090909090909092
2021-04-01,FR,Non-Brand,743.0,40984,4084,860.0,18,10,86.39534883720931,47.77777777777778,74.3,9.964864337302362,0.4407443682664055
2021-05-01,FR,PLA,5049.0,1528492,5736,2520.0,81,67,200.35714285714286,31.11111111111111,75.35820895522389,0.37527183655524526,1.4121338912133892
2021-05-01,FR,Brand,242.0,2255,920,4278.0,86,30,5.65684899485741,49.74418604651163,8.066666666666666,40.79822616407982,9.347826086956522
2021-06-01,FR,PLA,3913.0,1201509,4559,2242.0,71,55,174.53166815343445,31.577464788732396,71.14545454545454,0.37943952146842014,1.557359069971485
2021-06-01,FR,Brand,176.0,1883,773,3826.0,79,25,4.600104547830632,48.43037974683544,7.04,41.051513542219865,10.219922380336351
2021-07-01,FR,Brand,180.0,1758,753,3194.0,63,20,5.635566687539136,50.698412698412696,9.0,42.83276450511945,8.366533864541832
2021-07-01,FR,Non-Brand,406.0,15715,1511,410.0,10,5,99.02439024390245,41.0,81.2,9.615017499204582,0.6618133686300464
2021-08-01,FR,PLA,2954.0,1160683,4317,0.0,0,0,0.0,,0.0,0.3719361789567005,0.0
2021-08-01,FR,Brand,228.0,1617,619,2551.0,47,14,8.93767150137201,54.276595744680854,16.285714285714285,38.28076685219543,7.592891760904685
2021-08-01,FR,Non-Brand,157.0,5175,454,402.0,8,4,39.0547263681592,50.25,39.25,8.772946859903382,1.762114537444934
2021-09-01,FR,PLA,2840.0,931823,3539,524.0,13,11,541.9847328244275,40.30769230769231,258.1818181818182,0.3797931581426945,0.3673354054817745
2021-09-01,FR,Brand,268.0,1739,675,2921.0,59,19,9.174940089010612,49.50847457627118,14.105263157894736,38.815411155836685,8.74074074074074
2021-09-01,FR,Non-Brand,388.0,14670,1198,481.0,11,5,80.66528066528068,43.72727272727273,77.6,8.16632583503749,0.9181969949916527
2021-10-01,FR,PLA,1939.0,661988,2650,2108.0,56,45,91.98292220113852,37.642857142857146,43.08888888888889,0.400309371166849,2.1132075471698113
2021-10-01,FR,Brand,223.0,1440,599,2789.0,57,18,7.995697382574399,48.92982456140351,12.38888888888889,41.59722222222222,9.515859766277128
2021-10-01,FR,Non-Brand,304.0,15441,1210,504.0,11,5,60.317460317460316,45.81818181818182,60.8,7.836280033676575,0.9090909090909091
2021-11-01,FR,PLA,2912.0,929015,3540,3815.0,108,86,76.3302752293578,35.324074074074076,33.86046511627907,0.3810487451763427,3.050847457627119
2021-11-01,FR,Brand,434.0,7290,993,3077.0,67,23,14.104647383815404,45.92537313432836,18.869565217391305,13.621399176954732,6.747230614300101
2021-11-01,FR,Non-Brand,187.0,9952,930,283.0,6,2,66.07773851590106,47.166666666666664,93.5,9.344855305466238,0.6451612903225806
2021-12-01,FR,PLA,1939.0,687689,2952,3207.0,94,74,60.4614904895541,34.11702127659574,26.2027027027027,0.4292638096581449,3.1842818428184283
2021-12-01,FR,Brand,332.0,11039,639,2315.0,51,11,14.341252699784018,45.3921568627451,30.181818181818183,5.7885678050548055,7.981220657276995
2021-12-01,FR,Non-Brand,194.0,14101,1491,253.0,5,2,76.6798418972332,50.6,97.0,10.573718176015886,0.335345405767941
2022-01-01,FR,PLA,4636.0,1457037,6343,6961.0,202,170,66.59962649044677,34.460396039603964,27.270588235294117,0.43533554741574854,3.1846129591675862
2022-01-01,FR,Non-Brand,96.0,7784,971,111.0,3,1,86.48648648648648,37.0,96.0,12.474306269270299,0.30895983522142123
2022-02-01,FR,PLA,3632.0,1249228,4861,5277.0,150,111,68.82698502937275,35.18,32.72072072072072,0.3891203207100705,3.0857848179386957
2022-02-01,FR,Non-Brand,1.0,28,1,0.0,0,0,0.0,,0.0,3.571428571428571,0.0
2022-03-01,FR,PLA,3760.0,1132547,4695,4519.0,122,94,83.2042487275946,37.040983606557376,40.0,0.41455233204449793,2.5985090521831737
2022-03-01,FR,Non-Brand,381.0,7530,470,196.0,5,4,194.3877551020408,39.2,95.25,6.241699867197875,1.0638297872340425
2022-04-01,FR,PLA,3015.0,959660,3629,3741.0,105,78,80.5934242181235,35.628571428571426,38.65384615384615,0.3781547631452806,2.893359052080463
2022-05-01,FR,PLA,3457.0,1005187,3948,4487.0,126,89,77.0447960775574,35.611111111111114,38.842696629213485,0.3927627396693351,3.1914893617021276
2022-06-01,FR,PLA,3378.0,716171,3032,4006.0,102,76,84.32351472790813,39.27450980392157,44.44736842105263,0.42336257681475514,3.364116094986808
2022-06-01,FR,Non-Brand,198.0,4431,263,264.0,6,2,75.0,44.0,99.0,5.935454750620627,2.2813688212927756
2022-07-01,FR,PLA,2970.0,642114,2582,3689.0,82,62,80.50962320412036,44.98780487804878,47.903225806451616,0.4021092827753327,3.1758326878388843
2022-07-01,FR,Non-Brand,290.0,7429,335,231.0,6,5,125.54112554112552,38.5,58.0,4.50935522950599,1.791044776119403
2022-08-01,FR,PLA,3111.0,749967,3372,4250.0,107,85,73.2,39.7196261682243,36.6,0.4496197832704639,3.173190984578885
2022-08-01,FR,Non-Brand,495.0,12017,668,592.0,14,10,83.61486486486487,42.285714285714285,49.5,5.5587917117417,2.095808383233533
2022-09-01,FR,PLA,1261.0,277922,1220,1801.0,48,34,70.01665741254858,37.520833333333336,37.088235294117645,0.43897208569310814,3.934426229508197
2022-09-01,FR,Non-Brand,227.0,5525,267,275.0,5,3,82.54545454545455,55.0,75.66666666666667,4.832579185520363,1.8726591760299627
2021-01-01,IE,PLA,407.0,79085,350,94.0,4,4,432.9787234042553,23.5,101.75,0.4425618005942973,1.1428571428571428
2021-01-01,IE,Brand,52.0,565,263,285.0,12,4,18.24561403508772,23.75,13.0,46.54867256637168,4.562737642585551
2021-01-01,IE,Non-Brand,104.0,1698,132,62.0,3,2,167.74193548387098,20.666666666666668,52.0,7.773851590106007,2.272727272727273
2021-02-01,IE,PLA,266.0,51388,270,231.0,10,8,115.15151515151516,23.1,33.25,0.5254144936561065,3.7037037037037033
2021-02-01,IE,Brand,6.0,126,64,540.0,8,2,1.1111111111111112,67.5,3.0,50.79365079365079,12.5
2021-02-01,IE,Non-Brand,94.0,1331,106,289.0,7,4,32.52595155709342,41.285714285714285,23.5,7.963936889556725,6.60377358490566
2021-03-01,IE,PLA,1587.0,327803,1588,553.0,19,17,286.9801084990959,29.105263157894736,93.3529411764706,0.4844372992315506,1.1964735516372795
2021-03-01,IE,Brand,43.0,709,326,1675.0,39,16,2.5671641791044775,42.94871794871795,2.6875,45.9802538787024,11.96319018404908
2021-03-01,IE,Non-Brand,159.0,3419,255,513.0,12,7,30.994152046783626,42.75,22.714285714285715,7.458321146534075,4.705882352941177
2021-04-01,IE,PLA,1152.0,227618,1052,283.0,9,7,407.0671378091872,31.444444444444443,164.57142857142858,0.4621778593960056,0.8555133079847909
2021-04-01,IE,Brand,27.0,574,301,1579.0,37,15,1.7099430018999366,42.67567567567568,1.8,52.4390243902439,12.29235880398671
2021-04-01,IE,Non-Brand,398.0,6840,530,1213.0,30,20,32.81121187139324,40.43333333333333,19.9,7.748538011695906,5.660377358490567
2021-05-01,IE,PLA,896.0,191544,793,143.0,4,3,626.5734265734266,35.75,298.6666666666667,0.41400409305433733,0.5044136191677175
2021-05-01,IE,Brand,44.0,529,289,1469.0,37,15,2.995234853641933,39.7027027027027,2.933333333333333,54.63137996219282,12.802768166089965
2021-05-01,IE,Non-Brand,477.0,8223,632,1282.0,31,20,37.20748829953198,41.354838709677416,23.85,7.685759455186672,4.90506329113924
2021-06-01,IE,PLA,931.0,180180,751,139.0,4,3,669.7841726618706,34.75,310.3333333333333,0.4168054168054168,0.5326231691078562
2021-06-01,IE,Brand,40.0,459,253,1509.0,36,11,2.650762094102054,41.916666666666664,3.6363636363636362,55.119825708061,14.229249011857709
2021-06-01,IE,Non-Brand,507.0,6510,502,1013.0,29,20,50.049358341559724,34.93103448275862,25.35,7.71121351766513,5.776892430278884
2021-07-01,IE,PLA,987.0,198787,807,106.0,3,3,931.132075471698,35.333333333333336,329.0,0.40596216050345346,0.37174721189591076
2021-07-01,IE,Brand,35.0,436,232,1310.0,32,9,2.6717557251908395,40.9375,3.888888888888889,53.21100917431193,13.793103448275861
2021-07-01,IE,Non-Brand,487.0,5515,482,1043.0,27,17,46.692233940556086,38.629629629629626,28.647058823529413,8.739800543970988,5.601659751037345
2021-08-01,IE,PLA,1082.0,208752,862,0.0,0,0,0.0,,0.0,0.41293017551927647,0.0
2021-08-01,IE,Brand,42.0,552,317,1610.0,38,9,2.608695652173913,42.36842105263158,4.666666666666667,57.427536231884055,11.987381703470032
2021-08-01,IE,Non-Brand,666.0,7674,694,1421.0,35,25,46.86840253342716,40.6,26.64,9.043523586135,5.043227665706052
2021-09-01,IE,PLA,563.0,106130,478,0.0,0,0,0.0,,0.0,0.45039102986902857,0.0
2021-09-01,IE,Brand,78.0,616,304,1779.0,38,12,4.3844856661045535,46.81578947368421,6.5,49.35064935064935,12.5
2021-09-01,IE,Non-Brand,444.0,4862,393,765.0,21,15,58.03921568627452,36.42857142857143,29.6,8.083093377211025,5.343511450381679
2021-10-01,IE,PLA,706.0,119708,630,695.0,21,18,101.58273381294964,33.095238095238095,39.22222222222222,0.526280616166004,3.3333333333333335
2021-10-01,IE,Brand,39.0,545,251,1608.0,36,9,2.425373134328358,44.666666666666664,4.333333333333333,46.055045871559635,14.342629482071715
2021-10-01,IE,Non-Brand,676.0,8334,651,1201.0,31,23,56.28642797668609,38.74193548387097,29.391304347826086,7.811375089992801,4.761904761904762
2021-11-01,IE,PLA,766.0,118018,544,1195.0,34,21,64.10041841004184,35.14705882352941,36.476190476190474,0.4609466352590283,6.25
2021-11-01,IE,Brand,53.0,564,276,2052.0,47,11,2.582846003898635,43.659574468085104,4.818181818181818,48.93617021276596,17.02898550724638
2021-11-01,IE,Non-Brand,334.0,5965,373,533.0,14,7,62.6641651031895,38.07142857142857,47.714285714285715,6.253143336127411,3.753351206434316
2021-12-01,IE,PLA,942.0,162090,678,1244.0,42,30,75.72347266881029,29.61904761904762,31.4,0.41828613733111236,6.1946902654867255
2021-12-01,IE,Brand,33.0,307,153,1322.0,28,8,2.496217851739788,47.214285714285715,4.125,49.8371335504886,18.30065359477124
2021-12-01,IE,Non-Brand,326.0,4758,316,510.0,13,6,63.921568627450974,39.23076923076923,54.333333333333336,6.64144598570828,4.113924050632911
2022-01-01,IE,PLA,1640.0,311726,1569,2642.0,98,83,62.074186222558666,26.959183673469386,19.759036144578314,0.5033266394205167,6.246016571064372
2022-01-01,IE,Brand,57.0,739,375,2190.0,56,18,2.6027397260273974,39.107142857142854,3.1666666666666665,50.74424898511503,14.933333333333335
2022-01-01,IE,Non-Brand,512.0,8961,557,1060.0,27,18,48.301886792452834,39.25925925925926,28.444444444444443,6.215824126771566,4.847396768402154
2022-02-01,IE,PLA,960.0,209867,1048,1483.0,44,38,64.73364801078894,33.70454545454545,25.263157894736842,0.4993638828400844,4.198473282442748
2022-02-01,IE,Brand,75.0,741,312,2157.0,53,13,3.477051460361613,40.698113207547166,5.769230769230769,42.10526315789473,16.98717948717949
2022-02-01,IE,Non-Brand,256.0,5958,432,459.0,13,9,55.773420479302835,35.30769230769231,28.444444444444443,7.250755287009064,3.009259259259259
2022-03-01,IE,PLA,1334.0,227813,1379,2117.0,63,42,63.013698630136986,33.6031746031746,31.761904761904763,0.6053210308454742,4.568527918781726
2022-03-01,IE,Brand,109.0,791,328,2903.0,60,15,3.7547364795039617,48.38333333333333,7.266666666666667,41.46649810366625,18.29268292682927
2022-03-01,IE,Non-Brand,306.0,7948,628,548.0,12,9,55.839416058394164,45.666666666666664,34.0,7.901358832410669,1.910828025477707
2022-04-01,IE,PLA,1157.0,186860,1415,1525.0,45,31,75.8688524590164,33.888888888888886,37.32258064516129,0.7572514181740341,3.180212014134275
2022-04-01,IE,Brand,68.0,665,264,1916.0,43,11,3.549060542797495,44.55813953488372,6.181818181818182,39.69924812030075,16.28787878787879
2022-04-01,IE,Non-Brand,401.0,10323,703,646.0,16,8,62.07430340557275,40.375,50.125,6.810035842293908,2.275960170697013
2022-05-01,IE,PLA,1158.0,193603,1134,2020.0,55,93,57.32673267326732,36.72727272727273,12.451612903225806,0.5857347251850437,4.850088183421517
2022-05-01,IE,Brand,87.0,611,293,2404.0,49,38,3.618968386023295,49.06122448979592,2.289473684210526,47.95417348608838,16.723549488054605
2022-05-01,IE,Non-Brand,660.0,20103,1004,1003.0,24,38,65.80259222333001,41.791666666666664,17.36842105263158,4.9942794607769985,2.3904382470119523
2022-06-01,IE,PLA,1660.0,274070,1898,2171.0,66,120,76.46245969599264,32.89393939393939,13.833333333333334,0.6925238077863319,3.477344573234984
2022-06-01,IE,Brand,130.0,799,343,2479.0,55,40,5.244050020169423,45.07272727272727,3.25,42.92866082603254,16.034985422740526
2022-06-01,IE,Non-Brand,738.0,19265,973,889.0,22,43,83.01462317210348,40.40909090909091,17.162790697674417,5.050609914352452,2.2610483042137717
2022-07-01,IE,PLA,1196.0,208778,1180,2304.0,59,103,51.90972222222222,39.05084745762712,11.611650485436893,0.5651936506720057,5.0
2022-07-01,IE,Brand,90.0,608,291,1849.0,39,25,4.86749594375338,47.41025641025641,3.6,47.86184210526316,13.402061855670103
2022-07-01,IE,Non-Brand,400.0,11169,511,488.0,12,23,81.9672131147541,40.666666666666664,17.391304347826086,4.57516339869281,2.3483365949119372
2022-08-01,IE,PLA,1531.0,246912,1527,3075.0,88,163,49.78861788617886,34.94318181818182,9.392638036809815,0.6184389580093314,5.762933857236411
2022-08-01,IE,Brand,62.0,673,288,2254.0,47,33,2.750665483584738,47.95744680851064,1.878787878787879,42.79346210995542,16.319444444444446
2022-08-01,IE,Non-Brand,546.0,12266,624,558.0,15,28,97.84946236559139,37.2,19.5,5.087233001793575,2.403846153846154
2022-09-01,IE,PLA,572.0,86376,629,1186.0,31,55,48.22934232715008,38.25806451612903,10.4,0.72821154024266,4.92845786963434
2022-09-01,IE,Brand,26.0,184,87,599.0,12,10,4.340567612687813,49.916666666666664,2.6,47.28260869565217,13.793103448275861
2022-09-01,IE,Non-Brand,158.0,2623,160,206.0,5,10,76.69902912621359,41.2,15.8,6.0998856271444915,3.125
2021-01-01,IT,Brand,28.0,668,291,338.0,6,2,8.284023668639055,56.333333333333336,14.0,43.56287425149701,2.0618556701030926
2021-01-01,IT,Non-Brand,24.0,176,42,0.0,0,0,0.0,,0.0,23.863636363636363,0.0
2021-02-01,IT,Brand,11.0,338,150,872.0,15,5,1.261467889908257,58.13333333333333,2.2,44.37869822485207,10.0
2021-03-01,IT,PLA,1851.0,1372206,5224,0.0,0,0,0.0,,0.0,0.38070085686842936,0.0
2021-03-01,IT,Brand,42.0,1347,556,2228.0,39,20,1.8850987432675044,57.12820512820513,2.1,41.27691165553081,7.014388489208632
2021-04-01,IT,PLA,1460.0,1247463,5046,0.0,0,0,0.0,,0.0,0.40450097517922373,0.0
2021-04-01,IT,Brand,45.0,1118,424,1442.0,29,14,3.1206657420249653,49.724137931034484,3.2142857142857144,37.924865831842574,6.839622641509433
2021-05-01,IT,PLA,1640.0,1162079,4034,0.0,0,0,0.0,,0.0,0.34713646834681633,0.0
2021-05-01,IT,Brand,31.0,964,431,1537.0,32,13,2.0169160702667535,48.03125,2.3846153846153846,44.70954356846473,7.424593967517401
2021-05-01,IT,Non-Brand,194.0,11547,1326,154.0,4,2,125.97402597402598,38.5,97.0,11.48350220836581,0.301659125188537
2021-06-01,IT,PLA,1224.0,803394,3405,0.0,0,0,0.0,,0.0,0.42382691431601427,0.0
2021-06-01,IT,Brand,45.0,851,404,1711.0,36,15,2.6300409117475163,47.52777777777778,3.0,47.47356051703878,8.91089108910891
2021-06-01,IT,Non-Brand,261.0,6259,739,231.0,5,3,112.98701298701299,46.2,87.0,11.806997922990893,0.6765899864682002
2021-07-01,IT,PLA,838.0,681437,2555,0.0,0,0,0.0,,0.0,0.3749429514393847,0.0
2021-07-01,IT,Brand,55.0,777,386,1494.0,27,10,3.681392235609103,55.333333333333336,5.5,49.67824967824968,6.994818652849741
2021-07-01,IT,Non-Brand,41.0,424,76,149.0,4,2,27.516778523489933,37.25,20.5,17.92452830188679,5.263157894736842
2021-08-01,IT,PLA,872.0,610334,2411,299.0,8,5,291.6387959866221,37.375,174.4,0.39502960673991616,0.33181252592285354
2021-08-01,IT,Brand,80.0,889,420,1109.0,24,10,7.21370604147881,46.208333333333336,8.0,47.24409448818898,5.714285714285714
2021-08-01,IT,Non-Brand,183.0,10279,443,186.0,3,3,98.38709677419355,62.0,61.0,4.309757758536822,0.6772009029345373
2021-09-01,IT,PLA,1105.0,670736,2389,435.0,14,9,254.02298850574715,31.071428571428573,122.77777777777777,0.35617590229240714,0.5860192549183758
2021-09-01,IT,Brand,164.0,1418,696,1640.0,36,17,10.0,45.55555555555556,9.647058823529411,49.083215796897036,5.172413793103448
2021-09-01,IT,Non-Brand,89.0,2684,219,31.0,1,1,287.0967741935484,31.0,89.0,8.15946348733234,0.45662100456621
2021-10-01,IT,PLA,714.0,401990,1593,456.0,15,11,156.57894736842107,30.4,64.9090909090909,0.3962785143909052,0.9416195856873822
2021-10-01,IT,Brand,131.0,3119,602,1454.0,28,13,9.009628610729022,51.92857142857143,10.076923076923077,19.301058031420325,4.651162790697675
2021-11-01,IT,PLA,744.0,297569,1467,801.0,24,18,92.88389513108615,33.375,41.333333333333336,0.4929949020227241,1.6359918200409
2021-11-01,IT,Brand,130.0,1447,703,1989.0,43,19,6.535947712418301,46.25581395348837,6.842105263157895,48.58327574291638,6.116642958748222
2021-12-01,IT,PLA,426.0,228145,1211,579.0,17,14,73.57512953367875,34.05882352941177,30.428571428571427,0.5308027789344496,1.4037985136251032
2021-12-01,IT,Brand,60.0,672,339,1184.0,26,9,5.0675675675675675,45.53846153846154,6.666666666666667,50.44642857142857,7.669616519174041
2022-01-01,IT,PLA,994.0,510172,2831,1431.0,45,34,69.46191474493362,31.8,29.235294117647058,0.5549108927969391,1.5895443306252206
2022-01-01,IT,Brand,93.0,32488,689,1575.0,32,12,5.904761904761905,49.21875,7.75,2.12078305836001,4.644412191582003
2022-02-01,IT,PLA,649.0,389470,2149,901.0,29,22,72.03107658157603,31.06896551724138,29.5,0.5517754897681465,1.3494648673801768
2022-02-01,IT,Brand,101.0,59051,802,1454.0,31,12,6.946354883081156,46.903225806451616,8.416666666666666,1.358148041523429,3.865336658354115
2022-03-01,IT,Brand,79.0,952,518,1931.0,40,15,4.091144484722942,48.275,5.266666666666667,54.41176470588235,7.722007722007722
2022-04-01,IT,Brand,60.0,691,363,1362.0,27,6,4.405286343612335,50.44444444444444,10.0,52.532561505065125,7.43801652892562
2022-05-01,IT,Brand,60.0,724,381,1762.0,36,9,3.40522133938706,48.94444444444444,6.666666666666667,52.62430939226519,9.448818897637794
2022-06-01,IT,Brand,40.0,592,345,1344.0,24,7,2.976190476190476,56.0,5.714285714285714,58.27702702702703,6.956521739130435
2022-07-01,IT,Brand,45.0,508,273,1269.0,23,4,3.546099290780142,55.17391304347826,11.25,53.74015748031496,8.424908424908425
2022-08-01,IT,Brand,45.0,599,269,1081.0,19,5,4.162812210915819,56.89473684210526,9.0,44.90818030050083,7.063197026022305
2022-09-01,IT,Brand,17.0,255,132,583.0,9,3,2.9159519725557463,64.77777777777777,5.666666666666667,51.76470588235295,6.8181818181818175
2021-01-01,UK,PLA,25128.0,5845149,28460,39017.0,1361,1029,64.40269626060436,28.667891256429098,24.419825072886297,0.4868994785248417,4.782150386507379
2021-01-01,UK,Brand,1724.0,47646,10949,68347.0,1693,532,2.522422344799333,40.37034849379799,3.2406015037593985,22.979893380346724,15.46259932413919
2021-01-01,UK,Non-Brand,14327.0,354320,16893,13351.0,408,259,107.31031383416973,32.72303921568628,55.316602316602314,4.767724091216978,2.4152015627774817
2021-02-01,UK,PLA,22900.0,5971204,25040,32665.0,1149,849,70.10561763355273,28.429068755439513,26.972909305064782,0.4193459141573458,4.588658146964857
2021-02-01,UK,Brand,1708.0,46638,9223,53457.0,1442,403,3.1950913818583158,37.07142857142857,4.238213399503722,19.775719370470433,15.63482597853193
2021-02-01,UK,Non-Brand,12686.0,342376,15185,11034.0,326,188,114.97190502084467,33.84662576687116,67.47872340425532,4.43518237259621,2.1468554494567007
2021-03-01,UK,PLA,29841.0,6426504,31444,46408.0,1624,1205,64.30141354938803,28.576354679802957,24.764315352697096,0.4892862433447486,5.1647373107747105
2021-03-01,UK,Brand,2497.0,72210,10162,62212.0,1595,472,4.013695107053302,39.004388714733544,5.290254237288136,14.072843096524027,15.695729187167881
2021-03-01,UK,Non-Brand,14144.0,314134,16539,13647.0,363,225,103.64182604235364,37.59504132231405,62.86222222222222,5.264950626165904,2.194812261926356
2021-04-01,UK,PLA,24534.0,6495158,23414,38344.0,1256,900,63.983934905069894,30.528662420382165,27.26,0.36048391740431873,5.364311950115316
2021-04-01,UK,Brand,1950.0,37306,8106,52450.0,1289,385,3.7178265014299336,40.69045771916214,5.064935064935065,21.728408298933147,15.901801134961758
2021-04-01,UK,Non-Brand,12764.0,263130,13725,12786.0,339,210,99.82793680588144,37.716814159292035,60.78095238095238,5.21605290160757,2.469945355191257
2021-05-01,UK,PLA,27051.0,6331415,23856,36931.0,1239,871,73.24740732717771,29.807102502017756,31.057405281285877,0.37678781125546185,5.193661971830986
2021-05-01,UK,Brand,2013.0,30481,10328,72569.0,1869,571,2.7739117253923853,38.827715355805246,3.5253940455341506,33.88340277549949,18.09643687064291
2021-05-01,UK,Non-Brand,14476.0,274939,16211,14551.0,402,223,99.48457150711292,36.19651741293532,64.91479820627802,5.896216979038987,2.479797668249954
2021-06-01,UK,PLA,20746.0,4066812,17881,29510.0,956,679,70.30159268044731,30.868200836820083,30.55375552282769,0.4396810081213491,5.3464571332699515
2021-06-01,UK,Brand,3042.0,29963,8845,63906.0,1684,448,4.760116420993334,37.94893111638955,6.790178571428571,29.519741013917166,19.039005087620126
2021-06-01,UK,Non-Brand,15313.0,241328,14104,10683.0,288,162,143.33988579986897,37.09375,94.5246913580247,5.844328051448651,2.0419739081111743
2021-07-01,UK,PLA,17999.0,4039455,16563,25524.0,883,592,70.51794389594107,28.90600226500566,30.403716216216218,0.4100305610534094,5.33115981404335
2021-07-01,UK,Brand,2552.0,33788,8668,64976.0,1597,428,3.9276040384141835,40.686286787726985,5.962616822429907,25.654078371019295,18.424088601753578
2021-07-01,UK,Non-Brand,11667.0,210501,11085,3749.0,101,45,311.20298746332355,37.118811881188115,259.26666666666665,5.266008237490558,0.9111411817771763
2021-08-01,UK,PLA,16291.0,3571325,15115,23450.0,781,524,69.47121535181236,30.02560819462228,31.08969465648855,0.42323227373593836,5.167052596758187
2021-08-01,UK,Brand,2434.0,23149,8000,59311.0,1493,382,4.103791876717641,39.72605492297388,6.371727748691099,34.55872823880081,18.6625
2021-08-01,UK,Non-Brand,15221.0,246298,13600,3463.0,90,38,439.5321975166041,38.477777777777774,400.55263157894734,5.521766315601425,0.6617647058823529
2021-09-01,UK,PLA,13289.0,3134586,12970,20906.0,637,488,63.56548359322682,32.81946624803768,27.23155737704918,0.4137707499491161,4.911333847340015
2021-09-01,UK,Brand,2616.0,14590,7477,55625.0,1369,361,4.702921348314606,40.6318480642805,7.246537396121884,51.24742974640164,18.30948241273238
2021-09-01,UK,Non-Brand,14675.0,248361,13601,7730.0,211,115,189.84476067270376,36.63507109004739,127.6086956521739,5.4763026401085515,1.5513565179030953
2021-10-01,UK,PLA,15845.0,4065954,15492,21537.0,735,522,73.57106375075452,29.30204081632653,30.3544061302682,0.3810175914434841,4.7443841982958945
2021-10-01,UK,Brand,2532.0,19103,6912,52521.0,1196,304,4.820928771348604,43.913879598662206,8.328947368421053,36.18279851332252,17.30324074074074
2021-10-01,UK,Non-Brand,13500.0,272239,13356,13525.0,382,245,99.81515711645102,35.40575916230367,55.10204081632653,4.905983345516256,2.860137765798143
2021-11-01,UK,PLA,16516.0,3124681,11460,19816.0,609,411,83.34679047234557,32.53858784893268,40.18491484184915,0.36675743859933224,5.314136125654451
2021-11-01,UK,Brand,2953.0,45647,7988,55572.0,1284,284,5.313827107176276,43.2803738317757,10.397887323943662,17.499507086993667,16.074111166750125
2021-11-01,UK,Non-Brand,12385.0,270760,11186,15659.0,427,259,79.09189603422952,36.67213114754098,47.818532818532816,4.131334022750775,3.8172715894868583
2021-12-01,UK,PLA,17025.0,2961757,11888,14918.0,481,322,114.1238771953345,31.014553014553016,52.87267080745342,0.4013833680480877,4.046096904441454
2021-12-01,UK,Brand,2951.0,12121,5444,39591.0,884,237,7.453714227981107,44.786199095022624,12.451476793248945,44.91378599125485,16.23806024981631
2021-12-01,UK,Non-Brand,10255.0,192063,9610,14346.0,392,256,71.48334030391746,36.5969387755102,40.05859375,5.003566538063032,4.079084287200833
2022-01-01,UK,PLA,31686.0,8010721,28364,42138.0,1291,874,75.19578527694716,32.63981409759876,36.25400457665904,0.3540754945778289,4.551544210971654
2022-01-01,UK,Brand,7719.0,23933,12230,80197.0,1957,610,9.625048318515656,40.9795605518651,12.654098360655738,51.10099026448837,16.001635322976288
2022-01-01,UK,Non-Brand,16556.0,268438,14710,22127.0,610,377,74.82261490486735,36.273770491803276,43.91511936339523,5.479850095739054,4.146838885112169
2022-02-01,UK,PLA,29299.0,4747531,23529,35919.0,1125,699,81.56964280742783,31.928,41.915593705293276,0.49560497867207187,4.781333673339284
2022-02-01,UK,Brand,6551.0,18704,9481,63210.0,1566,427,10.363866476823286,40.3639846743295,15.34192037470726,50.689692044482456,16.517245016348486
2022-02-01,UK,Non-Brand,13980.0,265239,11937,19078.0,494,282,73.27812139637278,38.61943319838057,49.57446808510638,4.500469387985929,4.1383932311301
2022-03-01,UK,PLA,27998.0,3407144,17677,39353.0,1061,703,71.14578304068306,37.09048067860509,39.826458036984356,0.5188216289067912,6.0021496860326975
2022-03-01,UK,Brand,6106.0,23484,10317,69991.0,1718,414,8.723978797273935,40.73981373690338,14.748792270531402,43.932038834951456,16.65212755646021
2022-03-01,UK,Non-Brand,15152.0,251091,13172,19712.0,516,286,76.86688311688312,38.201550387596896,52.97902097902098,5.245906862452259,3.91740054661403
2022-04-01,UK,PLA,23284.0,3062479,14835,31000.0,838,573,75.10967741935484,36.9928400954654,40.63525305410122,0.48441148494406006,5.648803505224132
2022-04-01,UK,Brand,6211.0,18393,9257,67990.0,1490,382,9.135166936314164,45.630872483221474,16.259162303664922,50.32892948404284,16.09592740628713
2022-05-01,UK,PLA,33195.0,4152931,23577,41096.0,1204,849,80.77428460190774,34.1328903654485,39.09893992932862,0.5677195214656829,5.106671756372736
2022-05-01,UK,Brand,6105.0,17541,9787,75847.0,1744,427,8.049098843724867,43.49025229357798,14.297423887587822,55.794994584117205,17.81955655461326
2022-05-01,UK,Non-Brand,16345.0,269075,14140,23865.0,626,366,68.48941965221034,38.12300319488818,44.65846994535519,5.255040416240825,4.427157001414427
2022-06-01,UK,PLA,30657.0,4063140,21883,40221.0,1108,778,76.22137689266802,36.30054151624549,39.404884318766065,0.5385736154796537,5.063291139240507
2022-06-01,UK,Brand,4983.0,8982,4558,54411.0,621,150,9.158074654022165,87.61835748792271,33.22,50.7459363170786,13.624396665204037
2022-06-01,UK,Non-Brand,15372.0,263069,13967,20546.0,515,281,74.81748272169766,39.89514563106796,54.704626334519574,5.309253465820754,3.687262833822582
2022-07-01,UK,Brand,3368.0,8939,4573,54668.0,591,139,6.160825345723275,92.50084602368867,24.230215827338128,51.15784763396353,12.923682484146074
2022-07-01,UK,Non-Brand,12839.0,217022,11476,17259.0,438,253,74.3901732429457,39.4041095890411,50.74703557312253,5.287943157836533,3.816660857441617
2022-08-01,UK,Brand,3053.0,9443,4539,56281.0,614,146,5.424566016950658,91.6628664495114,20.910958904109588,48.06735147728476,13.527208636263493
2022-08-01,UK,Non-Brand,11461.0,190843,10618,18061.0,429,252,63.45717291401362,42.1002331002331,45.48015873015873,5.563735636098783,4.040308909399134
2022-09-01,UK,PLA,31810.0,1532221,7698,18781.0,469,367,169.37330280602737,40.04477611940298,86.6757493188011,0.502407942457387,6.092491556248376
2022-09-01,UK,Brand,1522.0,3330,1858,20068.0,226,54,7.584213673510066,88.79646017699115,28.185185185185187,55.7957957957958,12.16361679224973
2022-09-01,UK,Non-Brand,4703.0,87708,4409,6431.0,167,103,73.13015083190794,38.50898203592814,45.66019417475728,5.02690746568158,3.787706963030166
